<?xml version="1.0" encoding="UTF-8"?>
<entity-mappings version="1.0"
	xmlns="http://java.sun.com/xml/ns/persistence/orm" xmlns:xsi="http://www.w3.org/2001/XMLSchema-instance"
	xsi:schemaLocation="http://java.sun.com/xml/ns/persistence/orm
 orm_1_0.xsd">
	<named-query name="User.findByUsername">
		<query>
		select user from com.webflow2book.User user
		where user.username like :username
		</query>
	</named-query>
	
	<named-query name="Authorities.findAuthorities">
		<query>
			select auth from com.webflow2book.Authority auth where username = :username
		</query>
	</named-query>
</entity-mappings>