<?xml version="1.0" encoding="UTF-8"?>
<beans xmlns="http://www.springframework.org/schema/beans"
	xmlns:xsi="http://www.w3.org/2001/XMLSchema-instance"
	xmlns:webflow="http://www.springframework.org/schema/webflow-config"
	xsi:schemaLocation="
	   		http://www.springframework.org/schema/beans
	   		http://www.springframework.org/schema/beans/spring-beans-2.5.xsd
	   		http://www.springframework.org/schema/webflow-config
	   		http://www.springframework.org/schema/webflow-config/spring-webflow-config-2.0.xsd">

	<!-- Spring MVC -->

	<bean id="handlerMapping"
		class="org.springframework.web.servlet.handler.SimpleUrlHandlerMapping">
		<property name="mappings">
			<value>/homepage.htm=flowController
			</value>
		</property>
	</bean>

	<bean id="flowController" class="org.springframework.webflow.mvc.servlet.FlowController">
		<property name="flowExecutor" ref="flowExecutor" />
	</bean>

	<!-- Spring Web Flow -->

	<webflow:flow-registry id="flowRegistry">
		<webflow:flow-location id="homepage"
			path="/WEB-INF/flows/homepage-flow.xml" />
	</webflow:flow-registry>

	<webflow:flow-executor id="flowExecutor"
		flow-registry="flowRegistry" />

</beans> 