<?xml version="1.0" encoding="UTF-8"?>
<beans xmlns="http://www.springframework.org/schema/beans"
       xmlns:xsi="http://www.w3.org/2001/XMLSchema-instance"
       xmlns:webflow="http://www.springframework.org/schema/webflow-config"
       xsi:schemaLocation="
           http://www.springframework.org/schema/beans
           http://www.springframework.org/schema/beans/spring-beans-2.5.xsd
           http://www.springframework.org/schema/webflow-config
           http://www.springframework.org/schema/webflow-config/spring-webflow-config-2.0.xsd">
       
 	<bean id="flowController" class="org.springframework.webflow.mvc.servlet.FlowController">
		<property name="flowExecutor" ref="flowExecutor" />
	</bean>
	
	<webflow:flow-registry id="flowRegistry">
		<webflow:flow-location id="changePassword"
			path="/WEB-INF/flows/changePassword.xml" />
	</webflow:flow-registry>

	<webflow:flow-executor id="flowExecutor"
		flow-registry="flowRegistry">
		<webflow:flow-execution-listeners>
			<webflow:listener ref="jpaFlowExecutionListener" />
			<webflow:listener ref="securityFlowExecutionListener" />
		</webflow:flow-execution-listeners>
		
	</webflow:flow-executor>
	      
	<bean id="jpaFlowExecutionListener"
		class="org.springframework.webflow.persistence.JpaFlowExecutionListener">
		<constructor-arg ref="entityManagerFactory" />
		<constructor-arg ref="transactionManager" />
	</bean>
		
	<bean id="securityFlowExecutionListener"
		class="org.springframework.webflow.security.SecurityFlowExecutionListener">
		<property name="accessDecisionManager" ref="myAccessDecisionManager" />
	</bean>
</beans>