<?xml version="1.0" encoding="UTF-8"?>
<beans xmlns="http://www.springframework.org/schema/beans"
	xmlns:xsi="http://www.w3.org/2001/XMLSchema-instance" xmlns:context="http://www.springframework.org/schema/context"
	xsi:schemaLocation="
           http://www.springframework.org/schema/beans
           http://www.springframework.org/schema/beans/spring-beans-2.5.xsd
           http://www.springframework.org/schema/context
           http://www.springframework.org/schema/context/spring-context-2.5.xsd">
	
	<context:annotation-config/>
	 
	<context:component-scan base-package="com.webflow2book" />
	<bean class="org.springframework.web.servlet.mvc.annotation.DefaultAnnotationHandlerMapping" />  

	<!-- For annotated methods -->
	<bean
		class="org.springframework.web.servlet.mvc.annotation.AnnotationMethodHandlerAdapter" />
		
		<!-- For FlowController-->  
	<bean class="org.springframework.web.servlet.mvc.SimpleControllerHandlerAdapter" /> 

	<bean id="handlerMapping"
		class="org.springframework.web.servlet.handler.SimpleUrlHandlerMapping">
		<property name="mappings">
			<map>
				<entry key="/changePassword.htm" value="flowController" />
			</map>
		</property>
	</bean>

</beans>